session_key,log_date,category,start_time,end_time,notes
1,2026-01-09,Back,14:49:00,16:03:00,
2,2026-01-13,Back,15:32:00,16:55:00,
3,2026-01-17,Back,16:33:00,17:35:00,
4,2026-01-21,Back,14:45:00,16:00:00,
5,2026-02-01,Back,15:00:00,15:57:00,
6,2026-02-05,Back,15:15:00,16:33:00,
7,2026-02-09,Back,15:14:00,16:54:00,
8,2026-02-13,Back,08:45:00,09:55:00,
9,2026-02-20,Back,14:45:00,16:00:00,
10,2026-02-24,Back,15:08:00,16:18:00,
12,2026-03-05,Back,12:05:00,13:06:00,
13,2026-03-11,Back,16:10:00,16:56:00,
14,2026-03-18,Back,,,
15,2026-03-25,Back,,,
16,2026-04-01,Back,,,
17,2026-04-07,Back,19:06:00,20:08:00,
18,2026-04-12,Back,,,
19,2026-01-10,Chest,,,
20,2026-01-14,Chest,,,
21,2026-01-18,Chest,13:10:00,14:35:00,
22,2026-01-22,Chest,16:37:00,17:25:00,
23,2026-02-02,Chest,15:00:00,16:20:00,
24,2026-02-06,Chest,15:35:00,,
25,2026-02-10,Chest,15:35:00,16:51:00,
26,2026-02-14,Chest,,,
27,2026-02-21,Chest,15:25:00,17:05:00,
28,2026-02-25,Chest,15:20:00,16:41:00,
29,2026-03-02,Chest,14:27:00,15:40:00,
30,2026-03-06,Chest,09:45:00,11:20:00,
31,2026-03-26,Chest,,,
33,2026-04-08,Chest,16:25:00,,
34,2026-04-13,Chest,20:13:00,20:57:00,
35,2026-01-07,Legs,14:50:00,15:45:00,
36,2026-01-11,Legs,14:12:00,15:15:00,
37,2026-01-15,Legs,,,
38,2026-01-19,Legs,15:50:00,17:04:00,
39,2026-01-23,Legs,13:34:00,14:54:00,
40,2026-02-07,Legs,15:42:00,16:40:00,
41,2026-02-11,Legs,15:25:00,,
42,2026-02-22,Legs,15:32:00,16:11:00,
43,2026-03-03,Legs,17:40:00,18:10:00,
44,2026-03-07,Legs,16:00:00,17:08:00,
45,2026-03-13,Legs,19:04:00,19:57:00,
46,2026-03-20,Legs,19:26:00,20:11:00,
48,2026-03-08,Back + Chest,15:32:00,16:55:00,
49,2026-03-15,Back + Chest,15:27:00,16:50:00,
50,2026-03-22,Back + Chest,,,
51,2026-03-29,Back + Chest,,,
53,2026-03-08,Arms + Shoulders,16:18:00,17:17:00,
54,2026-03-16,Arms + Shoulders,,,
55,2026-03-23,Arms + Shoulders,19:07:00,20:01:00,
56,2026-03-30,Arms + Shoulders,,,
57,2026-04-06,Arms + Shoulders,,,
58,2026-04-07,Back,19:06:00,20:08:00,
59,2026-06-24,Back,,,
60,2026-06-29,Back,08:05:00,09:30:00,
61,2026-04-08,Chest,16:25:00,,
62,2026-06-25,Chest,,,
63,2026-06-30,Back,08:00:00,09:20:00,
64,2026-07-01,Legs,,,
