,,,,,,,,,,,,,,,,,,,,,,,,,,,,,,,,,,,,,,,,,,,,,,,
,,,,,,,,,,,,,,,,,,,,,,,,,,,,,,,,,,,,,,,,,,,,,,,
,,,,,,,,,,,,,,,,,,,,,,,,,,,,,,,,,,,,,,,,,,,,,,,
,,,,,,,,,,,,,,,,,,,,,,,,,,,,,,,,,,,,,,,,,,,,,,,
,,,,,,,,,,,,,,,,,,,,,,,,,,,,,,,,,,,,,,,,,,,,,,,
,,,,,,,,,,,,,,,,,,,,,,,,,,,,,,,,,,,,,,,,,,,,,,,
,,,,,,,,,,,,,,,,,,,,,,,,,,,,,,,,,,,,,,,,,,,,,,,
,,,,,,,,,,,,,,,,,,,,,,,,,,,,,,,,,,,,,,,,,,,,,,,
,,,,,,,,,,,,,,,,,,,,,,,,,,,,,,,,,,,,,,,,,,,,,,,
,,,,,,,,,,,,,,,,,,,,,,,,,,,,,,,,,,,,,,,,,,,,,,,
,,,,,,,,,,,,,,,,,,,,,,,,,,,,,,,,,,,,,,,,,,,,,,,
,,,,,,,,,,,,,,,,,,,,,,,,,,,,,,,,,,,,,,,,,,,,,,,
,,,,,,,,,,,,,,,,,,,,,,,,,,,,,,,,,,,,,,,,,,,,,,,
,,,,,,,,,,,,,,,,,,,,,,,,,,,,,,,,,,,,,,,,,,,,,,,
Date,Body weight,,Back,,,,,,,,,Chest,,,,,,,,,Legs,,,,,,,,,,,,,,,,,,,,,,,,,,
Jan 9,69.7,,Date,Exercise,Set 1,Set 2,Set 3,Set 4,Weight,RPE,,Date,Exercise,Set 1,Set 2,Set 3,Set 4,Weight,RPE,,Date,Exercise,Set 1,Set 2,Set 3,Set 4,Weight,RPE,,,,,,,,,,,,,,,,,,,
Jan 10,,,,,,,,,,,,,,,,,,,,,Jan 7,Perfect Squats,8,8,8,8,10,8,,,,,,,,,,,,,,,,,,,
Jan 11,71.5,,,,,,,,,,,,,,,,,,,,1450,Leg Press,7,8,8,8,0,10,,,,,,,,,,,,,,,,,,,
Jan 12,,,,,,,,,,,,,,,,,,,,,1545,Leg Extensions,10,10,10,,35,10,,,,,,,,,,,,,,,,,,,
Jan 13,70.75,,,,,,,,,,,,,,,,,,,,,Seated Leg Curls,8,10,9,14,42.5,5,,,,,,,,,,,,,,,,,,,
Jan 14,72.15,,,,,,,,,,,,,,,,,,,,,Hip Abduction 3/12,10,5,12/57.5,,80,,,,,,,,,,,,,,,,,,,,
Jan 15,71.5,,,,,,,,,,,,,,,,,,,,,Hip Adduction 3/12,12,12,14,X,65,8,,,,,,,,,,,,,,,,,,,
Jan 17,73.13,,Jan 9,Pull-ups,6,6,6,6,0,8 (Interrupted by forearm fatiuge,,Jan 10,FliesPec Deck Fly,12/40kg,10/45kg,10/45kg,,,,,Jan 11,Perfect Squats 4/9,9,9,9,9,10,10,,,,,,,,,,,,,,,,,,,
Jan 21,72.6,,1449,Neutral Grip Pull Ups,5,4 (forearms almost failed before back),,,,,,,Incline Chest PressIncline Chest Press Machine,test/20kg,10/20kg,6/20kg,6/20,,,,1412,Seated Leg Press Machine,8 (Drained by the warm ups),10,12 (I should go all the way down to stimulate my glutes),12,42.5 (Should In crease the weight to 50? next time),9,,,,,,,,,,,,,,,,,,,
Feb 5,73.7,,1603,Lat Pull downs,,,10,11,36,8 (also interrupted by FA),,,Chest Press Machine,6/20kg,5/20kg,7/15kg,5/15,,,,1515,Leg Extensions,10,12,11,,35,10,,,,,,,,,,,,,,,,,,,
Feb 6,73.5,,,T-bar rows,12,10,10,15,15,7 increase weight or do 12 reps,,,Military PressSmith Machine Bench Press,8/20kg,10/30kg,4/40kg,,,,,,Seated Leg Curls,12/42.5,11,4,,57.5,,,,,,,,,,,,,,,,,,,,
Feb 7,72.8,,,Seated Cable Rows,10 / 35kg,12 each (20kg),40kg,12 ea / 20kg,12 ea,,,,Overhead Press 3/12Military Press,7/20kg,5/20kg,,,,,,,Hip Abductuon,12,12,,,65,,,,,,,,,,,,,,,,,,,,
Feb 9,74.2,,,Hammer Curls,6 ea / 12kg,6ea / 12kg,10ea / 10kg,10ea / 10kg,,,,,,,,,,,,,,Adduction,16,16,20,,65,8 Should Increase weight,,,,,,,,,,,,,,,,,,,
Feb 10,74.06,,,Preacher Curls,10,9,7,,25,(Make sure elbows touch the supporting pad),,,,,,,,,,,,,,,,,,,,,,,,,,,,,,,,,,,,,
Feb 11,73.89,,Jan 13,Pull-ups,6,7,5 (did more partial reps to reach 9),5 (did more partial reps to reach failure),0,6 could be the sweet spot? + focus more on negatives,,Jan 14,FliesPec Deck Fly,12,12,12,10,45kg,Don't use too much energy. Probably move it to the last set?,,Jan 15,Perfect Squats,9,9,9,9,4/9/10,8 (Increase weight to 12.5?),,,,,,,,,,,,,,,,,,,
Feb 13,73.03,,1532,Nutral Grip Pull ups,7,7 (beginning to fail at 5),5,5,,Maybe 5 is the optimal,,,Incline Chest Press (Smith Machine),10,8,5/35,,30kg,,,,Seated Leg Press Machine,9/0,8/20kg,10/20kg,10/40kg,4/10/50 or 4/8/0,8 (Increase weight to 40) 4/8/40?,,,,,,,,,,,,,,,,,,,
Feb 20,74.92,,1655,T-bar rows,12,12,12,12,20,Increased weight to 20 (Ain't bad but think I can do more; probably increase weight and decrease reps?),,,Incline chest press machine,4/20kg,8/15kg,7/15kg,5,20kg,,,,Leg Extensions,12,12,12,,3/12/35,9 (Add 1 set or Increase weight and decrement reps?),,,,,,,,,,,,,,,,,,,
Mar 2,75.4,,,Seated cable rows,12ea/20kgs,12ea,10/35kgs,10+to failure,20,Warming up with independent set and moving on to both feels good.,,,Smith Machine Bench Press,10,10,5,,40kg,"Try to do some warm ups, Should focus more on the machine or lower the weight and practice on my form?",,,Seated Leg Curls,,,,,3/10/57.5,Delete & Substitute w/ Leg press drop set?,,,,,,,,,,,,,,,,,,,
Mar 3,75.7,,,Hammer Curls,10ea,10ea,10ea,10ea (out of spite addition; previous 2 sets were interrupted),10,Should Increase reps,,,Overhead Press 3/12Military Press,6,5/20kg,,,15kg,,,,Hip Abductuon,12/72.5kg,12/72.5 Beginning to fail @ 8,12/72.5,,3/12/65,Lean torso forward to maximize hip stimulus (Decrease rep to 10 and increase set to 4?),,,,,,,,,,,,,,,,,,,
Mar 10,74.87,,,Preacher Curls,10,6+partial reps of 2,6,,25,,,,Chest Press (drop set),12/15kg,12/10kg,5kg to failure,,,Adding some drop sets to the end of my workout sounds good,,,Adduction,12/80,13/80,14/80,,3/12/72.5,Increase sets? Depending on the fatigue I build up on the preceding sets,,,,,,,,,,,,,,,,,,,
,,,Jan 17,Pull ups,6,6,5+3 negatives,4+3negatives,0,9 (negatives seem to be effective),,Jan 18,Smith Machine Bench Press,10/40kgs,6/50kgs,8/50kgs,5/50kgs,,50 with consistent reps would be better next time.,,Jan 19,Perfect Squats,8,8,8,8/20,15kgs,Doing 4/6/20 next time,,,,,,,,,,,,,,,,,,,
,,,1633,Neutral Grip Pull ups,5,5+1 negative,4+3 negatives,4+3 negatives,,10 Negatives do work,,1310,Smith Machine Incline,8/40kgs,7/40kgs (failed to go up at 8),6,5,,Consistent reps of 7 or 6,,1550,Seated Leg Press Machine,8,8,8,X,40kgs,(Keep feet slanted and at a high position on the board) (Decrease reps?),,,,,,,,,,,,,,,,,,,
,,,73.15,T-bar rows 4/6/30kgs,8,7,7,7,30,(Pratice proper form with 25kgs next time),,1435,Pec Dec flies,7/45kgs,8/40kgs,9,7 (without full ROM),,Should reduce weight and retain reps,,1704,Leg Extensions,10,10,10,10,42.5,Add more weight...? or Decrease and compensate with more reps?,,,,,,,,,,,,,,,,,,,
,,,1735,Seated Cable rows,10,10,10 (beginning to fail around 6 or 7),10,40,(Decrease weight to 35?),,,Military press,8/20kgs,7/30kgs,7/30kgs,5/30kgs,20kgs,4sets with 30 + 1 drop set to zero,,,Hip Adduction,10,10,10,10,72.5,Retain weight increase reps,,,,,,,,,,,,,,,,,,,
,,,,,,,,,,,,,Machine Chest press drop set,11/30kgs,7/20kgs,11/20kgs,10/10kgs,,,,,Tricep rope pull down,test,12,12,12 (started to fail at 10),27.5,,,,,,,,,,,,,,,,,,,,
,,,,,,,,,,,,,Hammer Curls,9ea,7ea,7ea,,12kgs,,,,Overhead tricep pull down,8,8,8,X,27.5,,,,,,,,,,,,,,,,,,,,
,,,,,,,,,,,,,Preacher Curls,12,9,7,,30kgs,Keep arms parallel to eachother (decrease reps),,,,,,,,,,,,,,,,,,,,,,,,,,,,
,,,Jan 21,Pull Ups 4/6/0 (with Negatives),6,7,5+3 negatives,3+4 negatives,0,Weak forearms Almost unable to go up after 4 sets,,Jan 22,Machine chest press,10,10,8/40 + 3/30,6/40+4/30,40kgs,Next time decrease reps per set and i ncrease weight?,,Jan 23,Smith Machine Squats,8,8,7/40,10/20,30kgs,Go back to perfect squats or continue practice with low weight,,,,,,,,,,,,,,,,,,,
,,,1445,T-bar rows 4/10/25,8,8,10/20kgs,11/20kgs,25,Should decrease weight to 20 and focus on proper form,,72.9,Incline Chest Press Machine 4/20/6,8,6,5,6,20,Can't feel my chest,,1334,Seated leg press Machine,7,7,7,7,40 kgs,Decreased reps to 7 => Perfect,,,,,,,,,,,,,,,,,,,
,,,1600,Lat pull downs 4/12/,test/30kgs ea,10/35kgs ea,10,8,last set with 10/30kgs ea,4/9/35kgs seems to be optimal,,1637,Smith Machine Incline chest press,8/30,7/30,6,8/20,,,,1454,leg extensions,10,11,10,11,42.5,,,,,,,,,,,,,,,,,,,,
,,,,Seated Cable rows 4/10/40,8,8,8 (beginning to fail at 6),8,40,Stop at chest (while including the stop 4/8/40 feels good for now),,1725,,,,,,,,,,Military press,10/30,9/30,11/30,9/30,9/20,Increase to 35 and decrease reps to 7 or 8,,,,,,,,,,,,,,,,,,,
,,,,Pull down machine,8/42.5,,,,,,,,,,,,,,,,,Lateral Raises,10 together / 20,12 ea /27.5,together to failure / 20,,,,,,,,,,,,,,,,,,,,,,
,,,Feb 1,Pull Ups (with Negatives),6,6,4+2,3+3,0,Increase reps to 7,,Feb 2,Smith Machine Bench Press 3/7/50,7/40,7,6,,40,Decreased weight to 40 (return to 50 based on condition),,,,,,,,,,,,,,,,,,,,,,,,,,,,
,,,1500,T-bar rows,10,10,10,To failure (10),20,Feels good! Ficus on proper form,,1500,Smith Machine Incline 3/8/40,3/40,7/35,7/35,4/35,,Decreased weight to 35 (return to 40),,,,,,,,,,,,,,,,,,,,,,,,,,,,
,,,1557,Lat pull downs,9/35kgs ea,10/30,10/30,To failure (8),,,,1620,Pec Dec flies 3/8/40,10/27.5,8/40,6/40,5/35 (feeling heavy fatigue),,Make sure to stop at chest,,,,,,,,,,,,,,,,,,,,,,,,,,,,
,,,,Seated Cable rows 4/10/40,4/40,10/30,10/30,To failure (10),30,vary weight IAW fatigue,,,Dumbell Chest Press,test/10ea,10/14ea,10/14ea,,,14ea feels good,,,,,,,,,,,,,,,,,,,,,,,,,,,,
,,,,,,,,,,,,,Military press 3/8/30,6/30,5/25,,,,Experiencing Heavy fatigue,,,,,,,,,,,,,,,,,,,,,,,,,,,,
,,,,,,,,,,,,,Lateral Raises 3/F/20,20/20,15ea/20,10 + 10ea,,20,,,,,,,,,,,,,,,,,,,,,,,,,,,,,
,,,Feb 5,Pull Ups 4/7/0,7,7,3 + 3 negatives,2+4 negatives,0,Extremely difficult after second set => longer rests,,Feb 6,Smith Machine Bench Press 3/8/40,8/45,8/50,6/50,,,9/45 or 7/50,,Feb 7,Smith Machine Squats 3/10/30,10,10,10,X,30,Keep back straight,,,,,,,,,,,,,,,,,,,
,,,1515,T-bar rows 4/10/20,10,10,10,11,20,Continue practicing proper form (retain reps. go to failure on last set),,73.5,Smith Machine Incline Bench 3/8/35,8/40,6/40,7/35,9/20,,7/40 or 9/35?,,1542,Seated leg press Machine 3/8/40,8,7 (failed at 7),8,X,40,This is maximum intensity (Ensure full ROM),,,,,,,,,,,,,,,,,,,
,,,1633,Lat pull downs 4/12/25ea,14,14,12,12,25ea,Pull elbows as close as possible (add a stop at the point of full contraction),,1535,Pec Dec flies 3/8/40,7,8 (Beginning to fail at 6),5,8/30,,,,1640,leg extensions 3/12/42.5,12,9,12/30,,40,,,,,,,,,,,,,,,,,,,,
,,,,Seated Cable rows 4/12/30,9/35,10/30,10/30,12/30,,Use grips (Increase reps and go with 3 sets?),,,Dumbell Chest Press 4/10/14ea,10/14,12/12,11/12,10/12,,,,,Lateral Raises 4/12ea/27.5,20ea / 27.5,15ea/27.5,,,,,,,,,,,,,,,,,,,,,,,
,,,,Preacher Curls 3/10/30,10,9 (failed to go all the way up at 9),6,,,,,,Military press 4/8/30,5/30,5/25,6/20,7/20,,,,,Hammer Curls 4/9ea/12,X,,,,,,,,,,,,,,,,,,,,,,,,
,,,,,,,,,,,,,,,,,,,,,,Tricep rope pull down 3/12/27.5,X,,,,,,,,,,,,,,,,,,,,,,,,
,,,,,,,,,,,,,,,,,,,,,,Overhead tricep pull down 4/8/27.5,X,,,,,,,,,,,,,,,,,,,,,,,,
,,,Feb 9,Pull ups 3/7/0,7,7,3+4 negatives,,0,,,Feb 10,Smith Machine Bench Press 3/9/45,Warm up 10/20,8/45,6/45,6/45,,Test 3/7/45,,Feb 11,Perfect Squats 3/8/20,8,8,8/25,7/25,20,Keep back straight (3/8/25 or 30),,,,,,,,,,,,,,,,,,,
,,,1514,N-grip Pull ups 3/5/0,5,5,5,,0,The addition of NGPs feels good. Maybe 3/6 + 3/5?,,1535,Smith Machine Incline Bench 3/9/35,Warm up 10/0,8/35,7/35,6/35,,Go with 3/7/35? Maybe lower weight to 40 and 30 for both bench presses.,,1525,Seated Leg press Machine 3/8/40,8,8,7/60,,,Increase weight to 60,,,,,,,,,,,,,,,,,,,
,,,1654,T-bar rows 4/10/20,10,10,10,10,20,,,1651,Pec Dec flies 3/9/30,9/30,9/30,11/30,,,Maybe 10/30 or 10/35 next time,,,Hip Abductions 4/12/72.5,12,12,12,12 failing at 7-8 (continued with partial reps),,3 sets with increased intensity,,,,,,,,,,,,,,,,,,,
,,,,Lat pull downs 3/12/25 ea,15/25ea,13/30ea,8/30ea,9-to failure/25ea,,,,,Military press 3/8/25,8/25,7/25,7/25,,,,,,Hip Adductions 4/12/80,14,12,,,,Same as above,,,,,,,,,,,,,,,,,,,
,,,,Seated row machine 3/12/20,12,12,12,,20,,,,Dumbell Chest Press 3/10/14ea,9.5/14ea,7/14ea,10/12ea,,,Lower weight and focus on form,,,,,,,,,,,,,,,,,,,,,,,,,,,,
,,,,Hammer Curls,6ea/12,12ea/10,7ea/10,,,,,,Tricep Rope Pull down 2/12/27.5,10/27.5,8/27.5,8/22.5,,,,,,,,,,,,,,,,,,,,,,,,,,,,,,,
,,,,Barbell Curls,8/20,6/20,,,,,,,Overhead Tricep Rope Pull down 2/10/27.5,20/22.5,15/27.5,8/32 + 4/27.5,,,,,,,,,,,,,,,,,,,,,,,,,,,,,,,
,,,Feb 13,Pull ups 3/7/0,7,7,4,,0,Uncertain of the effect of morning workout,,Feb 14,Smith Machine Bench Press 3/9/45,8/40,5/50,8/40,,,,,,,,,,,,,,,,,,,,,,,,,,,,,,,
,,,73.03,N-grip Pull ups 3/6/0,6,6,5,,0,,,,Smith Machine Incline Bench 3/9/35,8/30,7/35,7/30,,,,,,,,,,,,,,,,,,,,,,,,,,,,,,,
,,,845,Chest Supported Seated Row machine 3/12/20,14,14,12,,20,,,,Pec Dec flies 3/9/30,,,,,,,,,,,,,,,,,,,,,,,,,,,,,,,,,,
,,,955,Lat pull downs 3/12/25 ea,12,14,14,,25ea,,,,Military press 3/8/25,8/25,8/25,6/25,,,,,,,,,,,,,,,,,,,,,,,,,,,,,,,
,,,,Seated cable rows 3/10/40,11,,,,,,,,Dumbell Chest Press 3/10/14ea,,,,,,,,,,,,,,,,,,,,,,,,,,,,,,,,,,
,,,,Hammer Curls 4/10/10,12/10,10/13,15/11,10/11,,,,,,,,,,,,,,,,,,,,,,,,,,,,,,,,,,,,,,,
,,,,Barbell Curls 4/8/20,9/20,9/20,9/20,9/20,,,,,,,,,,,,,,,,,,,,,,,,,,,,,,,,,,,,,,,
,,,Feb 20,Pull ups To failure x3,7.5,6+2,2 unable to go up,10,0,decrease to 2 sets,,Feb 21,Smith Machine Incline Bench 3/9/45,Warmup,9/45,8.5/45,6/45,8/40,Feels Fucking Amazing / Align the bar right above my nipples / Decrease weight to 40 and focus on consistent reps or 7/45 * 2 + 8/40 * 2,,Feb 22,Perfect Squats 3/8/20,8,8,8,,20,Keep back straight,,,,,,,,,,,,,,,,,,,
,,,1445,N-grip Pull ups to Failure x2,6.5,5.5,,,,decrease to 2 sets,,1525,Dumbell Chest Press 3/12/12ea,10/12,13/10,13/10,,,Need to focus more on posture / stick with 10 for a while,,1532,Seated leg press 3/8/40,8,8,8,,40,Place feet lower,,,,,,,,,,,,,,,,,,,
,,,1600,T-bar rows 3/10/20,12,12,12,,20,nauscious and lower back pain Completly drained out,,1705,Pec Dec flies 3/10/35,12/40,9/40,7/40,,,pause 3 seconds,,1611,Hip abductions 3/12/72.5,12,11,8,,,,,,,,,,,,,,,,,,,,,,
,,,,Lat rope pull downs 3/12/40,14/35,12/40,8/45,,,Stick to 12/40,,,Machine Chest Press 3/10/40,testing other machines,7/30,10/30,,,,,,,,,,,,,,,,,,,,,,,,,,,,,,,
,,,,Seated cable row 3/12/40,8/36,8/36,,,,,,,Military press 3/8/25,10/25,10/25,7/25,8/20,,,,,,,,,,,,,,,,,,,,,,,,,,,,,,
,,,,Rope pull down (back),10/32,8.5/32,,,,,,,Overhead Tricep Rope Pull down 2/12/27.5,18/27.5,9/32,,,,,,,,,,,,,,,,,,,,,,,,,,,,,,,,
,,,,Hammer Curls 3/10/10,12/10,11/10,6/10,,,Maybe go with 2 sets,,,Tricep Rope Pull down 2/12/27.5,7/27.5,,,,,,,,,,,,,,,,,,,,,,,,,,,,,,,,,
,,,,Preacher Curls 3/10/30,12/30,12/30,,,,,,,,,,,,,,,,,,,,,,,,,,,,,,,,,,,,,,,,,
,,,Feb 24,Pull ups to Failure x2,7.5,5 + partial reps,,,0,,,Feb 25,Smith Machine Incline Bench 7/45 * 2 + 8/40 * 2,7/45,5/45,6/40,6/40,,,,,,,,,,,,,,,,,,,,,,,,,,,,,,
,,,1508,N-grip Pull ups to Failure x2,5+partial reps,3+partial reps,,,0,Inclusion of partial reps feels effective,,1520,Dumbell Chest Press 3/12/10ea,Pass,,,,,,,,,,,,,,,,,,,,,,,,,,,,,,,,,
,,,1618,T-bar rows 3/12/20,12,12,12,,20,Increased reps to 12. Maintain,,1641,Pec Dec flies 3/10/35,,,,,,,,,,,,,,,,,,,,,,,,,,,,,,,,,,
,,,,Lat cable pull downs 3/12/40,12/41,12/41,12/32,,,Forearms completely failing,,,Military press 3/8/25,12/25,9/30,6/30,,,Increase weight to 30,,,,,,,,,,,,,,,,,,,,,,,,,,,,
,,,,Lat cable rows 3/10/40 (pause for 3 seconds),,,,,,,,,Machine Chest Press 3/10/40,12/30,13/30,9.5/30,,,,,,,,,,,,,,,,,,,,,,,,,,,,,,,
,,,,Hammer Curls 3/12/10,14/10,,,,,,,,Overhead Tricep Rope Pull down 2/12/27.5,15/27.5,15/32,13/36,,,Definitely add weight / use bar instead of rope,,,,,,,,,,,,,,,,,,,,,,,,,,,,
,,,,Preacher Curls 3/10/35,,,,,,,,,Tricep Rope Pull down 2/12/27.5,8/36,7/36 + 5/32,6/32,,,,,,,,,,,,,,,,,,,,,,,,,,,,,,,
,,,Mar 1,,,,,,,,,Mar 2,Smith Machine Incline Bench 7/45 + 7/50 + 7/40,7/45,5.5/50,6/45,,,Maybe start with 50 next time / stick to 45? until I reach 10 clean reps,,Mar 3,Perfect Squats 4/8/20,8,8,7.5,7,,4 sets not easy,,,,,,,,,,,,,,,,,,,
,,,,,,,,,,,,1427,Machine Chest Press 3/10/40,10/40,9.5/40,7.5/50,,,9/40? or retain,,1740,Seated Leg press 3/8/60,6/60,7/60,6/60,,,,,,,,,,,,,,,,,,,,,,
,,,,,,,,,,,,1540,Pec Dec flies 2/10/40,10/40,7.5/40,,,,,,1810,,,,,,,,,,,,,,,,,,,,,,,,,,
,,,,,,,,,,,,,Dumbell Chest Press 2/12/10ea,16/10,12/10,,,,,,,,,,,,,,,,,,,,,,,,,,,,,,,,
,,,,,,,,,,,,,Military press 3/8/30,11/30,7.5/35,6.5/30,,,,,,,,,,,,,,,,,,,,,,,,,,,,,,,
,,,,,,,,,,,,,Overhead Tricep Rope Pull down 2/12/36,12/36,9/36,,,,Try 11/36,,,,,,,,,,,Back + Chest,,,,,,,,,Arms + Shoulders,,,,,,,,
,,,,,,,,,,,,,Tricep Rope Pull down 2/12/36,7.5/32,6/32,7/22.5,,,,,,,,,,,,,,Date,Exercise,Set 1,Set 2,Set 3,Set 4,Weight,RPE,,Date,Exercise,Plan,Set 1,Set 2,Set 3,Set 4,Weight,RPE
,,,Mar 5,Pull ups to Failure x3,7+2 negatives,3 + 4 negatives,1+5 Negatives,,0,,,Mar 6,Smith Machine Incline 6/50 + 6/50 + 6/45 + 6/45,6/50,4/50,7.5/40,6/40,,,,Mar 7,Perfect Squats 4/8/30,10/20,8/30,6/30,8/20,,Start w/ 30 and subsequently lower,,Mar 8,Pull ups x2,7+3,6+5,,,,,,Mar 8,Lateral Raises,3/f/4,31/4,22/4,15/6,,Maybe go with 6..??,
,,,1205,N-grip Pull ups to Failure x2,4+3,4+1,,,0,,,945,Machine Chest Press 3/10/40,12/40,7/40,7/40,,,,,1600,Seated leg press 4/7/60,7/60,7/60,7/60,8/20,,,,1532,Smith Machine Incline Warmup + 7/50 + 7/50 + 7/40,Warmup,5/50,8.5/40,8.5/40,,,,1618,Dumbell Drag Curls,2/f/14,11/10,Focused on breathing/10,,,,
,,,1306,T-bar rows 4/9/30,15/20,9/25,10/25,,,,,1120,Pec Dec flies 2/10/40,8/40,12ea/25,6/50,,,,,1708,Hip Abductions 3/12/72.5,12/72.5,8.5/80,9.5/80,10/72.5,,Start with 80,,1655,T-bar rows Warmups + 2/9/30,10/30,14/20,,,,Go with 10/25,,1717,Military Press,3/10/30,6/30,9/20,11/20,,Lower to 20,
,,,,Lat cable pull downs 4/12/40,10/41,10/45,6.5/45,,,Increase to 45,,,Dumbell Chest Press 2/12/10ea,12/10,12/12,14/12,,,Increase to 3/12/12,,,Leg extensions 3/12/42.5,12/42.5,9.5/42.5,10/50,,,,,,Machine Chest Press 3/10/50,7/30 (incline),5/30 (incline),4.5/30 (incline),,,,,,Reverse Curls,2/f/20,Focues on breathing/15,13/15,,,Lower to 15,
,,,,Lat cable rows 3/10/40 (pause for 3 seconds),12/32,12/32,12/32,,,Forearms are failing,,,Military press 4/8/35,6/35,6.5/30,6/30,6/30,,,,,,,,,,,,,,Lat cable pull downs 2/12/45,14/45,8/50,,,,,,,Overhead Tricep Rope Pulldown,2/12/32,20/32,8/41 + 4/32,,,Go with 41,
,,,,Reverse Curls 3/12/10,,,,,,,,,Overhead Tricep Rope Pull down 2/12/36,13/36,5/41+4/36,6/36,,,,,,,,,,,,,,,Dumbell Chest Press 3/12/12,12/12,15/12,12/12,,,,,,Tricep rope pulldown,2/12/27,5/32 + 4/27.5,8.5/27.5,,,Go with 27.5,
,,,,Preacher Curls 3/10/35,12/35,7/40,7/35,,,,,,Tricep Rope Pull down 3/12/36,8.5/32,6/32,6/32,,,,,,,,,,,,,,,,,,,,,,,,Preacher Curls,2/10/40,9/40,7/40,,,,
,,,,,,,,,,,,,,,,,,,,,,,,,,,,,,,Back/6 + Chest/9,,,,,,,,,S/6 + Bi/6 + Tri/4,,,,,,,
,Weekly sets,,Mar 11,Pull ups to Failure,2,6+4,6+4,,0,,,,Smith Machine Incline,2/6/50,,,,,,,Mar 13,Smith Machine Incline,2/6/50,8,7.5,,,8/50,,Mar 15,Pull ups,x2,6+,6+,,,Try to reach 7 reps,,Mar 16,Lateral Raises,2/f/4,30,20,,,,
,Back,20,1610,T-bar rows,2/9/30,10,8,,25,Retain 25,,,Machine Chest Press ,2/10/50,,,,,,,1904,Machine Chest Press,2/10/50,10/50,8/50,,,Increase to 50,,74.56,Smith Machine Incline Warmup,2/6/50,4/50,8.5/40,,,Start with 40 or 45,,,Barbell Curls,2/f/20,12/20,12.5/20,,,Maybe go with 25,
,Chest,12,1656,Lat cable pull downs,2/12/40,12.5/45.5,12/45.5,,45.5,Maybe lower weight and achieve full ROM?,,,Pec Dec flies ,2/10/50,,,,,,,1957,Pec Dec flies,2/10/50,6/50,7/40,,,,,1527,T-bar rows,2/9/25,Warm up,15/10,14/20,,Full ROM with 20,,,Military Press,2/10/25,12/25,12/25,,,,
,Lower Body,9,,Lat cable rows,2/10/40 (pause for 3 seconds),7/40,10/35,,,,,,Dumbell Chest Press,2/12/12,,,,,,,,Dumbell Chest Press,2/12/12,14/14,,,,,,1650,Machine Chest Press ,2/10/50,14/40,10/50,6/40,,,,,Reverse Curls,2/15/15,17/15,17/15,,,,
,Shoulders,20,,,,,,,,,,,Lateral Raises,2/f/6,,,,,,,,Lateral Raises,2/f/6,15/6,10/6+6/4,,,,,,Lat cable pull downs (Full ROM),2/12/33,20/27.5,20/32,,,Full ROM with 32,,,Overhead Tricep Rope Pulldown,2/12/41,9/41,8/41,,,,
,Triceps,9,,,,,,,,,,,Military press ,2/10/25,,,,,,,,Military press,2/10/25,10/25,8.5/25,,,,,,Dumbell Chest Press ,2/12/12,14/14,14/12,,,,,,Tricep rope pulldown,2/12/27.5,8/27.5,12.5/27.5,,,,
,Biceps,9,,,,,,,,,,,Overhead Tricep Rope Pulldown,2/12/41,,,,,,,,,,,,,,,,,,,,,,,,,,Preacher Curls,2/10/40,9.5/40,9.5/40,,,,
,,,,,,,,,,,,,Tricep rope pulldown,2/12/27,,,,,,,,,,,,,,,,,,,,,,,,,,,,,,,,,
,,,,Back/8,,,,,,,,,,,,,,,,,,,,,,,,,,,,,,,,,,,,,,,,,,,
,,,Mar 18,Pull ups,x2,8+5+4,5+3,,,,,,,,,,,,,,Mar 20,Incline smith machine chest press,2/7/50,Warmup/40,8/50,6.5/50,,,,Mar 22,Pull ups,8,6,,,,,,Mar 23,Lateral Raises,2/f/4,20/4,20/4,,,Add 3rd set?,
,,,,Barbell rows,2/15/30,,,,,,,,,,,,,,,,1926,Chest press machine,2/10/40,12/40,9.5/40,,,,,74.48,Incline bench,11/40,9.5/40,,,,,,1907,Barbell Curls,2/f/25,8.5/25,12/20,,,Stick with 20,
,,,,Lat pull downs,2/20/33,20/33,20/36,,,Increase weight to 36,,,,,,,,,,,2011,Pec dec flies,2/10/50,,,,,,,,Smith Machine row,9/40,14/30,,,,,,2001,Military Press,2/12/25,13/25,12/25,,,,
,,,,Cable rows,2/15/40,15/40,9/45,,,,,,,,,,,,,,,Dumbell chest press,2/10/14,12/14,12/14,,,,,,Machine chest press,12/40,12/40,,,,,,,Reverse Curls,2/15/15,16/15,12/15,,,Move within the upper part of the ROM.,
,,,,Reverse Curls,2/12/20,12/20,9/20,,,,,,,,,,,,,,,Lateral Raises,2/f/6,,,,,,,,,,,,,,,,,Overhead Tricep Rope Pulldown,2/12/41,12/41+4/36,7/41+4/32,,,,
,,,,Preacher Curls,2/8/45,6/45+3/35,,,,,,,,,,,,,,,,Military press,2/10/25,,,,,,,,,,,,,,,,,Tricep rope pulldown,2/12/27.5,12/27.5,10/27.5,,,,
,,,,,,,,,,,,,,,,,,,,,,,,,,,,,,,,,,,,,,,,Lateral Hammer Curls,2/10/12ea,10/12,10/12,,,,
,,,,,,,,,,,,,,,,,,,,,,,,,,,,,,,,,,,,,,,,,,,,,,,
,,,,Back/8 + Bi/4,,,,,,,,,,,,,,,,,,Chest/6,,,,,,,,,Back/4 + Chest/4,,,,,,,,,,,,,,,,
,,,Mar 25,Pull ups,x2,8+2+4,0+6.5+4,,,,,Mar 26,Incline bench,2/8/50,8.5,6.5,,,,,,,,,,,,,,Mar 29,Pull ups,x2,9,7,,,,,Mar 30,Lateral Raises,2/f/4,f/6,f/4,,,,
,,,,NG pull ups,x1,7,,,,,,,Chest press machine,2/12/40,10/40,8/40,,,,,,,,,,,,,,,Incline chest press,2/8/50,6/50,8/45,,,,,,Reverse Curls,2/15/15,21/15,,,,,
,,,,T-bar rows,2/10/25,12/25,9/25+5/15,,,,,,pec deck flies,2/15/20,,,,,,,,,,,,,,,,,Seated row,2/,16/31.5,16/50 (red machine),,,Red machine (go with 60?),,,Military Press,2/12/25,12/25/behind-neck,12/25/behind-neck,,,,
,,,,Lat cable pull downs,2/20/36,19/36,,,,,,,Dumbell chest press,2/15/16,14/14,14/14,,,,,,,,,,,,,,,Chest press machine,,8/30,6/30,,,,,,Biceps Curl,2/12/,15/35,,,,,
,,,,Cable rows,2/10/45,10/45.5,10/41,,,,,,Lateral Raises,2/f/4,14/4,15/4,,,,,,,,,,,,,,,Seated Cable rows,2/10/45.5,12/45.5,10/45.5,,,,,,Overhead Tricep Rope Pulldown,2/15/36,12/36,10/36,,,,
,,,,Reverse Curls,2/15/15,16/15,16/15,,,,,,Shoulder press,2/12/25,10/25,9/25,,,,,,,,,,,,,,,Pec deck flies,2/,,,,,,,,Tricep rope pulldown,2/12/27.5,12/27.5,12/22.5,,,,
,,,,Barbell Curls,2/10/20,,,,,,,,Tricep pull down,2/12/27.5,14/27.5,,,,,,,,,,,,,,,,,,,,,,,,,Lateral Hammer Curls,2/8/14,,,,,,
,,,,,,,,,,,,,,,,,,,,,,,,,,,,,,,,,,,,,,,,,,,,,,,
,,,,,,,,,,,,,,,,,,,,,,,,,,,,,,,,,,,,,,,,,,,,,,,
,,,Apr 1,Pull ups,x2,9+4,5+4,,,,,Apr 2,,,,,,,,,Apr 3,,,,,,,,,Apr 5,,,,,,,,,Apr 6,Pull ups,x2,,,,,,
,,,,NG pull ups,x1,6,,,,,,,,,,,,,,,,,,,,,,,,,,,,,,,,,,Seated row,2/12/55,,,,,,
,,,,Seated row,2/12/60,15/50,,,,,,,,,,,,,,,,,,,,,,,,,,,,,,,,,,Lat cable pull downs,2/12/41,,,,,,
,,,,Lat cable pull downs,2/12/41,9/45+7/35,10/40,,,,,,,,,,,,,,,,,,,,,,,,,,,,,,,,,Cable rows,2/12/45,,,,,,
,,,,Cable rows,2/12/45,12/45,10/45,,,,,,,,,,,,,,,,,,,,,,,,,,,,,,,,,Lateral Hammer curls,2/8/14,,,,,,
,,,,Reverse Curls,2/15/15,20/15,18/15,,,,,,,,,,,,,,,,,,,,,,,,,,,,,,,,,Reverse Curls,2/10/20,,,,,,
,,,,Biceps Curl,2/15/35,12/35,,,,,,,,,,,,,,,,,,,,,,,,,,,,,,,,,,Preacher curls,2/10/40,,,,,,
,,,,Preacher curls,1/12/40,,,,,,,,,,,,,,,,,,,,,,,,,,,,,,,,,,,,,,,,,,
,,,,,,,,,,,,,,,,,,,,,,,,,,,,,,,,,,,,,,,,,,,,,,,
,,,Apr 7,Pull ups,x2,9,6+4,,,,,Apr 8,Smith machine incline,2/?/55,5/40 warmup,6/55,3/55,,,,,,,,,,,,,,,,,,,,,,,,,,,,,,
,,,1906,Seated row,2/12/55,16/50,10/55,,,Retain 50 / focus on proper form,,1625,Incline Chest press machine,2/12/30,9.5/30,6/30,,,,,,,,,,,,,,,,,,,,,,,,,,,,,,,
,,,2008,Lat cable pull downs,2/12/41,13.5/41,12/41,,,Vary grip width,,,Pec deck flies,2/f/25,10 w/p/35,9w/p/35,,,Stick to 35,,,,,,,,,,,,,,,,,,,,,,,,,,,,
,,,,Cable rows,2/12/45,8/45+4/36,12/36,,,Lower weight,,,Shoulder press,2/12/30,12/30,9/30,,,,,,,,,,,,,,,,,,,,,,,,,,,,,,,
,,,,Lateral Hammer curls,2/8/14,6/14,6/14,,,Retain 14,,,Tricep rope pull down,2/12/27.5,,,,,,,,,,,,,,,,,,,,,,,,,,,,,,,,,
,,,,Reverse Curls,2/10/15,16/15,15/15,,,,,,,,,,,,,,,,,,,,,,,,,,,,,,,,,,,,,,,,
,,,,Preacher curls,2/10/40,6/45+6/30,6/40+5/30,,,,,,,,,,,,,,,,,,,,,,,,,,,,,,,,,,,,,,,,
,,,,,,,,,,,,,,,,,,,,,,,,,,,,,,,,,,,,,,,,,,,,,,,
,,,Apr12,Pullups,x2,9,7,,,,,Apr 13,Incline bench,2/8/55,2/55 + 7/40,,,,,,,,,,,,,,,,,,,,,,,,,,,,,,,,
,,,,Seated row,2/12/55,15/55,12/55,,,,,2013,Incline Chest press machine,2/8/30,7.5/30,5/30,,,,,,,,,,,,,,,,,,,,,,,,,,,,,,,
,,,,Lat cable pull downs,2/10/45,9/45,12/41,,,,,2057,Shoulder press,2/8/30,9/30,7/30,,,,,,,,,,,,,,,,,,,,,,,,,,,,,,,
,,,,Seated rows,2/10/45,9/45,4/45+4/36,,,,,,Tricep pull downs,2/12/27.5,7/32,10/32,10/32+5/22,,,,,,,,,,,,,,,,,,,,,,,,,,,,,,
,,,,Lateral Hammer curls,2/7/12,10+2,10+3,,,,,,Pec deck flies,2/12/35,14/30,12/35,,,,,,,,,,,,,,,,,,,,,,,,,,,,,,,
,,,,Reverse curls,2/15/15,15/15,15/15,,,,,,,,,,,,,,,,,,,,,,,,,,,,,,,,,,,,,,,,
,,,,Arm Curls,2/10/25,8.5/20,,,,,,,,,,,,,,,,,,,,,,,,,,,,,,,,,,,,,,,,,